id,"brand","created_at","updated_at"
1,"ディオール","2016-11-23 19:05:09","2016-11-23 19:05:09"
2,"ヘビーローテーション","2016-11-23 19:05:11","2016-11-23 19:05:11"
3,"ケイト","2016-11-23 19:05:13","2016-11-23 19:05:13"
4,"ザ・ダイソー","2016-11-23 19:05:14","2016-11-23 19:05:14"
5,"アディクション","2016-11-23 19:05:16","2016-11-23 19:05:16"
6,"イヴ・サンローラン・ボーテ","2016-11-23 19:05:19","2016-11-23 19:05:19"
7,"キャンメイク","2016-11-23 19:05:24","2016-11-23 19:05:24"
8,"コスメデコルテ","2016-11-23 19:05:30","2016-11-23 19:05:30"
9,"マキアージュ","2016-11-23 19:05:32","2016-11-23 19:05:32"
10,"エクセル","2016-11-23 19:05:34","2016-11-23 19:05:34"
11,"シャネル","2016-11-23 19:05:37","2016-11-23 19:05:37"
12,"クリニーク","2016-11-23 19:05:45","2016-11-23 19:05:45"
13,"M・A・C","2016-11-23 19:05:47","2016-11-23 19:05:47"
14,"NARS","2016-11-23 19:05:51","2016-11-23 19:05:51"
15,"エスプリーク","2016-11-23 19:05:53","2016-11-23 19:05:53"
16,"エテュセ","2016-11-23 19:05:56","2016-11-23 19:05:56"
17,"ルナソル","2016-11-23 19:06:01","2016-11-23 19:06:01"
18,"ヴィセ","2016-11-23 19:06:04","2016-11-23 19:06:04"
19,"ネイルホリック","2016-11-23 19:06:13","2016-11-23 19:06:13"
20,"インテグレート グレイシィ","2016-11-23 19:06:20","2016-11-23 19:06:20"
21,"ジルスチュアート","2016-11-23 19:06:23","2016-11-23 19:06:23"
22,"RMK","2016-11-23 19:06:30","2016-11-23 19:06:30"
23,"ヒロインメイク","2016-11-23 19:06:32","2016-11-23 19:06:32"
24,"イプサ","2016-11-23 19:06:37","2016-11-23 19:06:37"
25,"トム フォード ビューティ","2016-11-23 19:06:43","2016-11-23 19:06:43"
26,"コフレドール","2016-11-23 19:06:45","2016-11-23 19:06:45"
27,"リンメル","2016-11-23 19:07:03","2016-11-23 19:07:03"
28,"THREE","2016-11-23 19:07:07","2016-11-23 19:07:07"
29,"資生堂","2016-11-23 19:07:17","2016-11-23 19:07:17"
30,"Art Collection(アートコレクション)","2016-11-23 19:07:23","2016-11-23 19:07:23"
31,"マジョリカ マジョルカ","2016-11-23 19:07:50","2016-11-23 19:07:50"
32,"SHISEIDO","2016-11-23 19:07:53","2016-11-23 19:07:53"
33,"セザンヌ","2016-11-23 19:07:56","2016-11-23 19:07:56"
34,"CHICCA(キッカ)","2016-11-23 19:08:01","2016-11-23 19:08:01"
35,"インテグレート","2016-11-23 19:08:03","2016-11-23 19:08:03"
36,"SUQQU(スック)","2016-11-23 19:08:11","2016-11-23 19:08:11"
37,"オーブ クチュール","2016-11-23 19:08:12","2016-11-23 19:08:12"
38,"エレガンス クルーズ","2016-11-23 19:08:15","2016-11-23 19:08:15"
39,"D-UP(ディーアップ)","2016-11-23 19:08:25","2016-11-23 19:08:25"
40,"フローフシ","2016-11-23 19:08:31","2016-11-23 19:08:31"
41,"パラドゥ","2016-11-23 19:08:34","2016-11-23 19:08:34"
42,"オーピーアイ","2016-11-23 19:08:37","2016-11-23 19:08:37"
43,"ランコム","2016-11-23 19:08:43","2016-11-23 19:08:43"
44,"Ｋ-パレット","2016-11-23 19:08:51","2016-11-23 19:08:51"
45,"シュウ ウエムラ","2016-11-23 19:09:04","2016-11-23 19:09:04"
46,"ボンボン","2016-11-23 19:09:08","2016-11-23 19:09:08"
47,"メディア","2016-11-23 19:09:11","2016-11-23 19:09:11"
48,"レブロン","2016-11-23 19:09:13","2016-11-23 19:09:13"
49,"ケサランパサラン","2016-11-23 19:09:15","2016-11-23 19:09:15"
50,"ロレアル パリ","2016-11-23 19:09:19","2016-11-23 19:09:19"
51,"クレ・ド・ポー ボーテ","2016-11-23 19:09:21","2016-11-23 19:09:21"
52,"msh(エム・エス・エイチ)","2016-11-23 19:09:23","2016-11-23 19:09:23"
53,"アンファー","2016-11-23 19:09:38","2016-11-23 19:09:38"
54,"キス","2016-11-23 19:09:53","2016-11-23 19:09:53"
55,"ファシオ","2016-11-23 19:10:00","2016-11-23 19:10:00"
56,"エトヴォス","2016-11-23 19:10:08","2016-11-23 19:10:08"
57,"オペラ","2016-11-23 19:10:11","2016-11-23 19:10:11"
58,"ゲラン","2016-11-23 19:10:13","2016-11-23 19:10:13"
59,"ヘレナ ルビンスタイン","2016-11-23 19:10:15","2016-11-23 19:10:15"
60,"レ・メルヴェイユーズ ラデュレ","2016-11-23 19:10:46","2016-11-23 19:10:46"
61,"マリークヮント","2016-11-23 19:10:49","2016-11-23 19:10:49"
